{
  "deportes": [
    { "id": 1, "nombre": "Fútbol", "descripcion": "Balón, porterías y emoción" },
    { "id": 2, "nombre": "Montañismo", "descripcion": "Escalar, acampar y disfrutar" },
    { "id": 3, "nombre": "Ciclismo", "descripcion": "Rutas sobre ruedas" }
  ],
  "productos": [
    { "id": 1, "nombre": "Balón Adidas", "descripcion": "Balón oficial", "precio": 30, "stock": 5, "categoria_id": 1 },
    { "id": 2, "nombre": "Zapatillas Trail", "descripcion": "Para terrenos difíciles", "precio": 120, "stock": 2, "categoria_id": 2 },
    { "id": 3, "nombre": "Casco MTB", "descripcion": "Protección máxima", "precio": 60, "stock": 0, "categoria_id": 3 }
  ],
  "carrito": [],
  "compras": []
}